trial,ratio,group
1,1.141417,1
2,0.833663,1
