trial,ratio,group
1,2.067516,1
2,0.424069,1
3,0.900000,1
4,0.900000,1
